a,69587
man,8296
in,18984
street,972
racer,66
armor,2
be,13268
examine,22
the,10725
tire,125
of,6723
another,956
is,421
motorbike,46
two,5640
drive,147
white,3959
bike,982
down,1841
road,399
motorist,1
ride,1638
along,527
on,10747
their,693
vehicle,101
that,397
oddly,2
design,6
and,8866
color,58
person,3973
small,1345
race,657
car,494
by,1249
green,1235
hill,478
uniform,385
firefighter,10
extinguish,3
fire,124
under,246
hood,40
fireman,9
spray,94
water,2821
into,1074
jack,18
inside,174
open,222
use,104
firehose,2
engine,5
up,1277
carjack,1
to,3177
boy,4247
sand,468
surf,207
attempt,130
make,343
sunny,66
day,139
slide,515
huge,94
dune,34
young,2673
short,449
t,166
shirt,2092
snowboard,154
bright,156
blue,2280
sky,159
kid,523
play,3301
tub,13
full,67
outside,791
hot,29
three,1389
sit,2302
big,290
container,13
fill,53
with,7765
little,1768
outdoors,175
child,2701
squeeze,10
plastic,131
take,488
bath,15
rubber,26
bin,7
grass,1625
over,1414
structure,82
snowy,422
snowboarder,250
jump,2885
through,2051
air,1062
wear,3230
pants,257
do,719
trick,486
high,298
bench,394
someone,161
yellow,1218
ramp,328
snow,1554
perform,322
baseball,298
batter,9
raise,89
his,2357
arm,395
player,1021
from,920
new,17
york,8
wait,206
bat,101
during,174
game,373
yankee,3
hold,1949
one,1221
hand,604
warm,23
bare,30
backed,1
climber,152
attach,57
rock,1022
face,615
pink,739
safety,32
rope,291
lone,82
harness,95
climb,801
wall,575
crawl,39
no,87
steep,62
cliff,202
competitive,4
motorcycle,279
prepare,92
left,72
turn,136
paved,41
number,124
5,19
it,401
driver,32
swerve,2
five,161
front,1385
rider,217
red,2687
helmet,396
professional,30
corner,63
dress,990
orange,745
gear,117
right,96
motorcyclist,71
speed,49
lean,183
sharp,21
crouch,57
low,67
as,868
he,209
round,58
this,142
sponsored,7
roadway,5
have,683
recently,7
iguana,1
wrestle,124
rocky,245
bank,41
reptile,1
stand,3178
back,421
leg,190
near,1030
deep,89
lizard,3
fight,214
oriental,13
for,952
dominance,1
pond,96
boxer,26
punch,16
fighter,6
kick,223
while,1968
other,773
block,87
kickboxer,1
ring,87
kickbox,1
football,485
pause,12
jersey,140
4,20
greenbay,1
towel,24
field,1289
bay,15
packer,2
cool,3
off,766
cloth,32
mud,115
puddle,97
middle,160
park,619
lot,128
smile,762
jacket,746
boot,69
joy,9
rain,53
storm,10
at,2916
beach,1047
coat,299
pavement,48
body,194
background,596
mountain,760
cover,357
skier,215
rapidly,2
descend,26
coast,4
side,329
go,299
fresh,4
sun,110
shine,16
above,228
tree,688
black,3848
hoodie,35
jean,251
skateboard,603
railing,125
next,749
some,627
step,195
brick,177
rail,112
walk,2038
set,207
handrail,35
without,28
ski,297
barrel,25
catch,629
area,399
recoil,3
an,2578
action,25
treated,1
watch,794
others,171
spring,8
mound,34
philadelphia,1
phillie,1
pitcher,21
behind,633
him,403
just,48
throw,285
ball,1849
fetch,67
or,87
her,1180
pole,211
trail,159
toward,146
backpack,198
accends,1
covered,82
slope,86
goalie,44
try,310
soccer,580
group,1223
guy,289
footballer,17
scramble,6
around,648
goal,85
keeper,2
reach,110
four,501
post,28
score,14
3,18
prevent,3
team,244
converge,2
even,10
silhouette,35
pile,84
fly,318
drift,6
colorful,238
parka,12
rally,13
pull,217
away,170
spectator,57
track,320
both,83
look,1520
zoom,3
onlooker,55
dirt,591
course,135
fan,34
path,325
desert,55
six,76
nowhere,1
them,260
very,163
tall,149
bicyclist,88
between,125
wire,43
fence,354
cyclist,98
country,36
pass,81
electricity,1
pylon,3
biker,202
across,476
dry,85
land,76
girl,4169
scarf,111
bellbottoms,2
woman,4055
boa,6
bicycle,475
pedestrian,17
bridge,142
bag,215
silver,67
building,582
lady,269
hit,157
tennis,429
racket,53
swing,652
about,152
racquet,24
hat,771
miami,26
forehand,1
basketball,399
duke,2
there,304
something,346
upward,7
motocross,50
bar,152
camera,713
film,14
stunt,96
videotape,9
stair,123
staircase,38
skateboarder,326
board,164
flight,43
sail,30
wood,284
dirtbikes,2
muddy,81
afro,3
skate,200
vert,2
midair,210
launch,16
quarter,6
pipe,43
furocious,1
female,119
outfit,223
return,19
match,43
parasails,5
wave,511
large,1273
wind,27
windsurf,11
ocean,463
crest,6
windsurfer,11
brown,2578
ollie,6
shot,63
below,55
concrete,119
plaid,49
its,925
distorted,7
lens,7
almost,24
fish,177
eye,125
teenage,72
balance,81
leave,60
together,413
glove,63
shoe,108
twelve,1
member,34
diamond,1
put,95
rear,18
wheel,82
wheelie,37
whilst,152
practice,44
judo,1
mat,27
martial,37
art,65
people,461
train,144
hall,9
karate,28
move,84
52,2
crotch,1
rocket,10
racetrack,52
boat,319
past,149
rise,14
sailboat,11
sunrise,4
ship,22
sea,31
old,400
sunset,94
get,342
handlebar,13
onto,211
mostly,17
res,1
slightly,16
narrow,17
cricketer,3
lay,271
ground,359
wicket,2
lie,146
laugh,158
cricket,44
closely,5
inspect,9
miss,11
batsman,5
clothes,135
ready,128
distance,109
104,2
bend,78
picture,485
who,216
roadside,4
curve,26
mark,25
dust,23
advertise,29
banner,27
male,129
global,1
fast,53
nearby,153
splash,274
wet,180
approach,35
emit,4
smoke,134
travel,35
striped,215
ribbon,34
slippery,2
darked,1
skinned,30
palm,21
break,63
dance,266
himself,34
i,17
store,119
table,278
appear,51
fall,220
court,80
grab,51
out,762
frame,36
floor,162
struggle,17
gain,3
possession,7
school,47
cross,108
finish,10
line,198
observe,25
crowd,548
blow,126
several,314
screech,1
spin,52
stock,3
come,124
topless,21
help,77
shirtless,104
dog,10263
nip,7
feet,87
cow,72
pounce,12
run,3378
after,184
bull,71
rural,45
lift,59
drag,26
hang,260
pulley,6
toy,631
equipment,86
playground,201
rush,12
night,158
lap,45
shore,170
close,73
horse,325
kneel,65
rodeo,35
contestent,1
drug,2
cowboy,66
buck,10
purple,312
top,505
skirt,103
prepairing,1
serve,18
tank,77
extend,13
she,93
handed,5
backhand,2
gray,407
pop,23
parkinglot,1
countryside,14
airborne,75
bmx,77
gas,8
station,35
explosion,6
occur,1
leap,378
flame,21
pump,8
engulf,4
dark,269
haired,183
skinny,18
sidewalk,375
flower,218
head,436
trample,2
shield,3
whoa,1
underneath,31
hoof,2
closeup,78
long,298
electric,15
guitar,177
onstage,41
blond,395
hair,414
flyaway,1
ice,224
stack,8
artist,19
foot,44
ledge,78
fountain,195
outdoor,137
edge,172
city,319
acrobatic,5
entertainer,2
midget,2
bowler,6
union,6
underwear,12
acrobatics,2
scantily,6
clothe,15
trunk,121
crowded,67
athlete,24
herself,20
vault,11
vaulter,1
upside,109
rollerblade,61
rollerblader,23
grind,62
metal,115
sport,101
referee,32
men,101
rugby,64
amidst,16
teammate,21
effort,3
all,140
progress,10
ollies,4
beard,70
complete,12
gather,128
plank,11
skater,38
cows,1
hundred,4
partake,1
chase,342
runner,57
nose,101
specialized,3
suit,309
start,34
seat,121
stadium,42
recieving,2
american,100
pressure,1
payer,1
before,44
each,430
vie,2
hind,58
bark,45
shadow,41
wooded,101
tag,24
second,16
base,55
fielder,1
defend,13
towards,247
deck,40
wooden,284
shoot,72
basket,38
camouflage,30
hummer,3
roof,17
jeep,40
bmw,3
don,3
lead,63
pack,45
column,10
cycle,13
compete,51
against,201
incoming,5
crash,42
parachute,46
parasailer,4
surface,66
lake,333
skip,13
aerial,13
forest,162
pine,23
position,17
flip,136
wild,13
surfer,209
wetsuit,85
surfung,1
foamy,3
medium,27
fasten,2
tow,17
become,6
waterskis,4
wakeboarder,12
horizon,14
navigate,12
way,53
tangled,1
root,3
view,90
multiple,14
skydive,2
show,159
diving,1
they,121
jumper,15
earth,5
skydiver,5
formation,42
curb,24
boundary,3
stone,137
graffiti,73
lip,22
budweiser,2
accelerates,1
quick,31
dragster,4
photograph,73
sprint,16
speedway,1
spew,1
headband,52
sundown,4
dusk,25
sideline,12
execute,4
part,22
competition,53
obstacle,134
volleyball,60
net,63
beijing,1
olympics,3
logo,12
visible,14
skimpy,12
gentleman,17
cloud,48
overhead,11
trip,7
feed,31
strawberry,5
turtle,4
tortoise,2
eat,224
berry,1
25,3
half,43
university,10
quarterback,10
florida,8
see,67
lifeboat,1
mobile,9
launcher,2
release,2
surfboard,153
paddle,125
else,3
swim,648
huddle,25
hug,114
embrace,32
gator,1
wrap,29
hip,9
grassy,474
cap,212
guardrail,2
inline,22
barrier,33
gate,36
adult,228
barricade,4
not,21
saddle,7
headfirst,17
vertical,10
audience,38
trampoline,118
rimmed,3
teal,17
greenery,6
kayak,128
rough,47
rage,3
river,238
rapid,42
tackle,82
gold,62
scuffle,3
oppose,46
third,41
opposite,29
6,10
tan,395
steer,21
jet,24
jetski,1
cone,51
knee,35
pad,20
blurry,27
really,7
frisbee,341
roll,96
cut,40
collar,210
bird,243
crane,15
necked,7
graze,6
stick,599
formula,1
twilight,5
begin,37
pose,654
photo,102
cheer,30
woodland,22
heavy,28
downhill,49
jumpsuit,11
tight,12
bicycler,11
lots,4
somersault,7
perfomed,1
crown,13
inverted,2
gap,3
closeby,1
rooftop,4
balcony,26
rollerskate,14
competitively,1
participate,31
roller,34
derby,5
rink,30
athletic,16
friend,53
teenager,62
bathe,124
overweight,7
bikini,81
mid,25
stride,5
pursue,8
strip,28
carry,590
hockey,195
collides,1
collide,9
tumble,9
bump,4
secured,1
cord,9
ridge,13
emerge,27
toss,40
rugger,1
fierce,2
circuit,8
monkey,28
smooth,6
twos,1
quarterpipe,2
stairway,15
public,48
surround,208
yamaha,1
fenced,53
marina,3
blast,2
asphalt,9
scream,11
parallel,10
attack,24
sideways,18
wallride,2
sweatshirt,82
youth,12
sweater,132
flat,14
expanse,3
swimmer,35
pool,692
greenish,4
courtyard,28
european,10
teen,24
place,38
battle,14
burn,18
duck,68
light,223
backflips,1
motorized,1
pinkish,1
sandy,111
cement,75
event,66
van,17
funky,1
curvy,4
colored,188
capture,5
thorugh,3
amongst,9
escape,3
tackler,3
holder,2
kicker,3
forward,26
check,30
finger,67
chair,200
kneels,1
same,58
coach,30
kayaker,31
force,2
only,25
padel,1
pilot,6
riverrafting,1
challange,1
churn,4
canoe,91
corridor,4
row,88
college,10
rival,7
form,9
wakeboard,32
waterski,31
waterskier,13
boarder,7
surfboarder,6
motorcyle,1
bald,66
headed,6
follow,90
create,14
empty,50
skatepark,4
airplane,25
controller,4
glider,11
cockpit,2
plane,26
runway,5
dashboard,1
gauge,2
vessel,2
drum,49
musician,26
musical,15
which,51
few,56
concert,17
instrument,55
extremely,3
extreme,9
terrain,36
beside,247
perforced,1
pyramid,8
shaped,12
masonry,1
material,7
enjoy,87
clothing,130
meadow,16
wildflower,4
shallow,134
rid,5
many,185
window,149
angle,5
shower,24
tongue,118
victory,5
sports,2
blurred,7
choppy,11
eastpak,2
sign,299
read,156
vest,119
fireball,2
airport,7
helicopter,12
hi,8
viz,7
fiery,3
paint,164
work,52
hula,50
hoop,96
waist,16
jewel,1
bra,4
costumed,6
glide,20
grimace,4
thousand,1
thirty,1
alongside,37
beneath,17
wheeled,21
topple,2
tricycle,34
pedal,10
wheeler,24
2,24
throught,2
bunch,56
foreground,40
sailboard,2
clear,64
parasail,20
tilt,7
fun,18
urban,45
downtown,5
jockey,28
hurdle,95
minivan,3
flood,3
rainy,6
reflect,10
fluorescent,1
though,3
somone,1
scooter,66
kite,50
propel,5
unseen,7
produce,6
spark,5
scrape,1
boogie,18
bodyless,1
letter,12
12,4
involve,7
support,12
mouth,1034
box,99
squirt,34
trainer,12
give,80
lose,3
control,19
watercraft,10
fell,6
sailboarder,1
better,2
wake,5
slighty,1
elderly,85
asian,202
subway,73
passenger,11
participant,2
dive,109
coliding,1
motion,20
whit,3
point,145
you,18
disabled,1
wheelchair,30
handicap,3
buggy,8
cart,101
fairground,8
carnival,44
amusement,38
mitsubishi,1
blueish,1
sprinkle,3
directly,4
motor,10
opponent,19
touch,66
mitt,5
11,2
softball,53
wipe,10
adolescent,3
residential,8
yard,201
breakdancer,1
excitement,2
handstand,50
garage,10
equestrian,5
navy,14
partition,1
float,86
intensely,1
couple,256
different,46
react,3
topped,1
mesh,4
load,10
dock,100
dumpster,5
swimsuit,78
enter,13
tram,3
lasso,8
calf,6
hustle,1
croquet,5
these,30
lacrosse,10
type,23
knit,27
fling,10
monument,16
space,16
patiently,4
ahead,23
leather,67
win,6
platform,49
clutch,5
touchdown,3
human,17
figure,21
display,58
plant,60
shop,152
florist,2
stall,9
somebody,5
sort,13
draw,19
shoreline,25
writing,32
cat,75
lioness,4
animal,141
horn,11
prey,5
bison,1
plain,28
wildebeest,1
whistle,15
official,13
maneuver,12
split,14
suspend,27
batman,12
costume,212
chest,30
protect,7
ladie,1
untangles,1
puck,25
bodysuit,2
stay,5
foam,20
indoor,43
center,20
locate,8
room,132
multicolored,39
graffti,1
fold,21
flag,178
stuntman,2
fend,2
soocerball,1
intense,3
argue,2
catcher,21
celebrate,18
strike,17
pro,6
pitch,33
more,5
clown,39
oversized,5
quarry,1
horizontal,9
contraption,3
resemble,2
clad,6
dribble,38
keep,15
challenge,10
guard,33
backwards,34
united,3
state,6
patch,32
shoulder,84
can,49
windshield,1
crossing,58
wield,5
kneepads,1
joust,3
tournament,6
parade,70
horseman,1
army,12
aim,20
gun,50
military,30
personnel,3
fatigues,4
ear,108
protection,5
stomach,21
learn,10
how,18
rifle,8
camo,8
uphill,14
band,70
music,35
talk,247
stereo,1
cheerleader,39
tosses,4
cheerlead,5
fellow,12
handgun,5
pair,23
direction,36
bullet,2
badminton,9
khaki,15
sleeve,16
stripy,4
bush,52
backward,6
bungee,14
freefall,1
coordinator,1
atv,39
send,3
everywhere,10
quad,6
swan,26
unfurl,1
wings,52
geese,18
goose,6
outstreached,7
flap,13
baseman,8
marathon,10
vista,2
boulder,22
mountaintop,25
highland,3
backyard,67
happy,46
glee,1
wrestler,66
bite,155
violin,32
like,106
tights,11
fiddle,2
lawn,117
push,141
broken,7
hospital,10
exercise,12
ultimate,3
serious,8
element,1
barefoot,45
tattooed,12
blur,7
distant,16
drink,269
bottle,83
athelete,1
artificial,10
exterior,1
decorative,5
synch,1
bed,160
quilt,4
midst,15
multicolor,12
bedspread,4
killer,1
whale,4
dolphin,12
orca,1
seaworld,1
time,23
cling,13
sheer,16
bearded,42
bowl,58
minor,1
league,7
looker,1
spill,5
zip,12
slip,15
accident,2
lower,10
attire,25
cavort,3
range,27
winter,117
atomic,1
traffic,47
moped,3
pigeon,33
bicylist,1
numbered,11
billboard,13
parasurfer,2
parasurfs,1
tether,5
so,17
perpendicular,2
reentry,1
ceiling,8
cable,8
rapels,1
barren,17
treetop,1
assistance,4
allow,3
microphone,70
backlit,8
sing,64
signer,1
collapse,2
whitewater,5
kayaks,4
kiyaking,1
ten,7
punt,4
seven,31
seagull,18
flee,2
abandon,6
coaster,26
wide,54
trundle,1
mechanism,1
rower,4
furiously,1
strange,14
antic,1
monster,8
truck,97
giant,39
crushed,1
arena,15
demolished,2
soar,14
uniformed,14
railed,1
object,160
class,23
stare,89
swordsman,2
wander,1
gym,53
wipeout,1
damaged,3
ambulance,10
haul,2
wrecked,2
recked,1
flatbed,1
collision,2
watersports,1
seperated,1
apparatus,3
first,22
tandom,1
biek,1
contest,6
motivation,1
leader,1
life,87
great,10
crew,2
skyscraper,8
wetsuite,1
stump,30
but,26
misses,1
unique,5
busy,101
everyone,3
stop,57
windsurfs,1
skim,2
outstretched,38
squad,2
then,1
hike,99
squat,21
highschool,1
safely,3
again,2
grip,3
underhang,1
plate,45
daredevil,2
reared,1
flying,1
prepared,1
free,23
underside,2
outcrop,10
bottom,54
stage,66
skit,1
alike,10
90,1
degree,1
murky,15
overpass,9
congregate,6
wakeboards,5
purse,46
chrismas,1
skid,3
super,3
raceway,4
hover,10
within,10
traverse,9
bleacher,17
snowpile,1
grasp,8
chalk,18
still,14
grand,1
canyon,10
scenic,14
cropped,2
fit,4
brunette,19
daytime,3
dirty,45
carring,5
nitro,1
scene,47
soccor,1
rollerskater,3
longhaired,17
competitor,4
bash,1
rollerskates,4
grapple,4
cast,40
kickflip,2
dim,19
warehouse,3
seaside,1
furious,1
pyrotechnics,2
explosive,1
special,5
effects,1
naked,52
series,6
spread,30
expose,3
lime,6
stoppie,1
deer,16
turkey,10
speedskater,1
pace,2
sneaker,16
helplessly,1
layup,4
clemson,1
expand,1
santa,42
strand,1
christmas,38
claus,8
strung,1
food,93
falcon,3
rodent,4
hawk,5
swoop,7
upon,5
strap,22
kind,6
midjump,6
upraise,2
foggy,19
firework,15
performer,21
fireworks,1
lit,35
underground,5
throws,1
goalkeeper,4
goaltender,2
gravel,51
gallop,10
tiny,12
bit,4
overlook,120
evade,1
sock,10
string,34
dunk,14
jostle,1
slam,3
23,5
33,1
dirtbiker,2
motorcross,3
32,1
hurricane,1
straddle,7
stumble,1
piste,2
weeds,12
sandal,24
snowcapped,16
snowball,25
atop,37
relax,29
end,63
goggles,71
beautiful,53
profile,6
save,2
patroller,1
juggle,18
mall,13
leaf,142
bad,1
weather,16
dancer,22
spandex,3
studio,11
stretch,49
straight,15
mogul,1
treefilled,2
forested,9
smu,2
heron,4
egret,3
pelican,8
sled,142
sledder,3
shred,2
defensive,3
21,2
graffitied,12
late,3
afternoon,6
halfpipe,1
engage,9
eastern,23
defender,6
twist,9
kawasaki,2
helmeted,15
jog,45
matching,39
hillside,30
include,14
beak,10
interact,17
stream,115
pristine,2
snowscapes,1
advance,2
pain,5
curl,10
celebrates,1
loser,1
upset,5
dump,7
bucket,78
makeshift,7
melted,2
chairlift,5
glasses,207
toe,8
suspender,5
sunglasses,277
masked,4
israei,1
israeli,2
flannel,10
handkerchief,2
descent,3
tube,66
boatful,1
rafter,6
raft,101
rapids,2
patio,21
door,74
playful,39
bits,2
live,21
labrador,9
neck,51
furniture,10
power,13
washes,4
clean,18
powerwash,1
stairs,1
poolside,2
main,5
slalom,8
twirl,10
roman,2
candle,27
flare,3
gymnastic,5
gymnast,9
beam,23
sunlight,11
african,57
competeition,1
tile,16
airtime,1
windowsill,2
windmill,2
among,47
bundled,2
tower,5
beanie,8
backset,1
arizona,2
drop,18
darkened,10
arch,7
fat,10
sumo,23
thinner,1
umpire,3
manuever,1
forehead,8
corral,2
pen,12
chicago,2
defense,1
individual,19
propels,1
baton,5
staff,2
intersection,14
junction,1
contain,9
magenta,1
robe,31
traditional,14
chinese,19
garb,9
card,19
glass,61
reacts,2
foliage,17
constructed,1
piece,73
rockstar,2
energy,2
eagle,8
beige,55
carpet,53
interest,12
frayed,1
dangle,11
paw,46
fabric,17
gatorade,1
contort,2
ballplayer,4
93,1
similar,11
prison,1
zippered,1
stripe,29
height,6
pick,42
tobaggan,1
idea,1
seem,7
than,5
massive,5
lionist,1
lion,5
tiger,21
cougar,1
streetlight,1
nighttime,13
adorned,1
irish,5
solo,1
rugged,3
hackey,1
sack,11
easily,1
carve,13
chainsaw,7
shave,9
sculpture,23
saw,2
squirrel,9
bound,36
melt,10
tunnel,67
attemping,1
fake,24
shack,3
shed,10
hut,16
movie,9
crewman,1
supervise,2
whom,5
13,4
performance,9
checkerboard,1
pattern,11
snowsuit,20
dogsled,3
town,24
musher,3
press,7
caucasion,1
skill,4
mask,96
fencer,6
duel,2
gymnasium,7
tropical,12
location,6
let,3
guidewire,1
motocycle,1
lane,13
dodge,5
leash,155
tri,14
balloon,72
process,2
inflate,1
landscape,45
belt,14
bout,3
refrigerator,5
snowbank,10
bicyler,1
u,4
wristband,5
lining,7
butterfly,7
stroke,2
protective,19
waterside,4
formal,28
horseback,14
blocker,1
chipmunk,1
tear,6
flighht,1
dear,2
doe,1
halway,1
say,56
port,8
du,1
casque,1
obligatoire,1
hooded,13
french,7
freestyle,2
perch,7
halfway,3
pitted,1
clip,3
scale,38
picnic,34
tape,11
caution,6
construction,32
warn,1
concentrate,3
north,2
carolina,2
surprise,3
surprised,5
radio,3
hugs,1
borader,1
secure,2
crevasse,4
perfors,1
rust,1
flipper,2
photographer,29
seashore,8
brush,25
flock,19
scrap,1
bread,12
chow,2
huskey,1
cook,18
pan,12
kitchen,45
stove,10
dish,11
commercial,2
style,17
expression,16
bumpy,6
suv,14
utility,1
porch,24
too,8
rusty,8
streetway,1
village,9
gust,1
flurry,1
shaded,3
branch,64
leafy,15
griding,1
lavish,2
drummer,8
kit,2
rebound,1
tattoo,48
fry,6
mix,7
hands,2
far,13
seedoo,1
case,20
clover,5
unsual,1
powder,5
barechested,3
charge,6
speedboat,2
rip,4
stork,1
lock,9
misty,6
knock,5
backgroud,3
skii,1
sunshine,3
cowgirl,6
silk,2
sparse,3
motley,1
site,13
house,151
bury,15
barn,13
bandage,6
performs,7
aig,2
fancy,21
magnificant,1
icy,18
obscene,1
gesture,23
we,4
because,3
upturned,5
garbage,9
custom,1
trashcan,12
snowmobile,19
leafless,5
hsirt,1
feather,22
pointy,7
beaked,1
agains,1
backdrop,9
vision,1
numerous,6
roil,1
border,11
collie,31
para,3
surfing,2
strain,4
yougn,1
tuck,2
sidecar,6
mallard,2
poise,4
wetsuits,4
highway,9
lamb,6
spot,65
sheep,56
gleam,1
calm,12
falling,1
trio,1
crouches,14
hitter,2
incline,11
perches,1
industrial,9
if,6
railway,3
railroad,18
whips,1
sling,7
watermelon,14
k2,1
crafted,1
drainage,2
skyline,15
rim,1
intently,5
downward,3
preparation,1
motorbiker,2
student,24
breakdances,1
moment,5
rainling,1
hop,13
gettin,2
sloped,3
swish,1
dusty,14
alley,18
stickball,1
visor,3
neighborhood,18
tunic,3
pin,7
lick,55
itself,20
pathway,12
tabby,4
image,25
cold,35
video,41
jib,1
tie,67
dye,7
columned,2
sponsor,4
coca,1
cola,1
emotionally,1
spectate,2
excite,11
facial,11
hump,5
amid,8
cartwheel,15
march,32
tbe,1
legged,7
fluffy,65
dare,2
battons,1
twome,1
sync,1
practise,1
unmanned,2
fiveteen,1
tracksuit,8
ballet,9
instructor,5
athletics,1
various,19
chain,44
link,16
harbor,6
tugboat,3
pier,34
aggresively,1
hook,5
viewer,5
skiier,9
nordic,1
whiz,1
size,33
morning,6
mountainside,26
walkway,30
pistol,3
jagged,7
guide,15
treat,19
teach,17
swiftly,1
advantage,1
oar,10
raincoat,10
slicker,2
motorboat,3
fisherman,15
secluded,1
mountainous,9
snowfield,2
valley,24
canal,11
tuxes,2
tuxedo,14
silly,17
wed,45
aid,7
windsail,1
steap,1
farward,1
alleyway,5
record,15
outfut,1
mountin,1
entrance,6
upraised,3
sash,7
extravagant,3
easy,1
retain,3
suburban,9
defy,1
gravity,1
negotiate,1
beer,50
pong,2
cup,64
sledge,5
saucer,2
paraskier,1
also,20
paragliding,1
determined,3
soda,21
waterfall,91
flail,3
canned,2
fowl,1
marking,18
tightly,2
bullfighting,1
regalia,2
matador,3
bullrider,1
jumpy,1
balck,4
loom,3
greyhound,126
muzzled,24
muzzle,70
amphitheater,2
unusual,8
architectural,2
early,4
wade,79
aquatic,1
much,6
surfs,2
cloudy,23
single,18
kart,5
scottish,4
bagpipe,17
bagpiper,2
dong,1
andy,2
rodderick,1
roddick,1
fronmt,1
applaud,1
281,2
clap,19
passerby,3
unner,1
inflatable,73
overturn,2
peak,31
serena,1
williams,1
bride,52
groom,22
wife,3
champ,1
rafael,1
nadal,2
lunge,6
fist,9
polo,9
sleeveless,9
kiss,108
sweatband,2
nike,4
trial,2
filled,7
focus,9
cameraman,6
la,3
quinta,1
anticipate,2
x,2
print,24
amount,4
join,6
wrangle,2
shorline,1
exhaust,3
8,17
mama,1
bear,49
cub,1
growl,16
teeth,45
steal,2
community,7
piggy,5
synchronized,2
dunks,1
bannister,1
prop,10
cycler,2
sword,32
bee,12
insect,6
bloom,3
soap,4
mini,10
machine,38
telegraph,1
wreck,2
661,1
steel,4
homemade,8
log,69
97,1
cbs,2
speak,44
interview,10
mic,1
ask,10
question,1
dancefloor,3
hardwood,12
nice,10
formally,7
dressed,8
upwards,4
google,2
ponytail,16
sweat,4
overhang,11
mesa,1
precariously,2
tagged,1
mother,44
daughter,18
strew,6
buy,11
penske,3
indy,1
pit,24
spike,6
divind,1
diver,15
bullfighter,2
skewer,1
outfitted,1
stab,2
bullfight,1
shortstop,1
paintball,6
males,1
digger,2
partly,5
sailor,5
good,9
sized,4
festival,15
choreograph,1
heap,1
un,2
hte,1
bus,86
armstand,1
subaru,1
fair,38
stir,4
heavily,11
spoke,1
mural,16
poke,13
dirtracing,1
automobile,3
pour,30
locomotive,1
hole,39
trophy,10
accept,3
winner,4
atheletes,1
tanned,2
dad,7
church,20
cathedral,1
lamppost,1
braid,7
fiesty,1
foul,1
handle,25
scowl,2
flop,21
bouncer,2
bounce,57
blowup,7
raling,1
droplet,7
ox,4
feild,4
aerodynamically,1
themed,7
circular,6
watery,7
loan,2
75,1
target,11
protector,3
headphone,44
stiars,1
rundown,4
change,10
shell,4
cannon,12
what,19
bundle,13
buried,1
shire,1
draft,3
avoid,7
mishap,1
partner,2
punches,2
chestnut,1
home,29
non,3
hdr,1
cathcer,1
intercept,2
homebase,2
ponytailed,2
obsured,1
soaked,3
pebble,6
messy,6
package,6
parent,14
lafayette,1
bubble,127
wand,13
unicycle,38
stain,4
moss,4
ad,5
our,2
takedown,2
similarly,3
marine,2
combat,5
facility,3
soldier,10
jukebox,3
gnarly,1
partially,17
aerobatics,1
underneat,1
david,2
beckham,1
environment,3
owl,3
widespread,1
pale,16
outwards,2
jacked,3
tutu,26
waterskies,4
skis,1
manual,1
minimal,2
suited,3
disrupt,1
dandelion,13
milkweed,1
seed,7
pod,1
currently,1
summersault,1
accent,5
slingshot,1
heel,10
biplane,5
streak,6
brian,1
nugent,1
festive,7
overgrown,3
clothed,1
club,14
aquestrian,1
demonstrate,8
upright,3
dinner,9
well,26
poorly,2
fiercely,1
spotlight,6
gutarist,1
upfront,1
bug,7
worm,1
rest,92
jogger,10
wince,1
weave,9
hummingbird,4
offf,1
flowered,21
bandanna,40
aggitates,1
lacross,1
oppenents,1
blacktop,4
clay,4
debri,1
fourwheeler,1
trows,1
median,1
bumper,1
nascar,2
loooking,1
tripod,15
muscular,9
windboarder,1
windboard,1
world,6
whose,6
suburb,1
sprinkler,73
belly,14
smacker,1
japanese,19
actor,2
pirate,25
arts,3
hard,17
enough,2
completely,4
yell,13
song,6
toddler,183
downwards,2
grey,2
contestant,2
bearer,3
petal,2
waterboard,1
shape,20
unknown,4
father,26
son,10
shaved,8
swirl,3
current,6
mail,1
cause,5
spiral,4
dip,5
brief,1
rainbow,22
overhear,1
pepco,1
cordoned,1
loop,5
aerobatic,1
coiled,1
kickboxing,2
mma,1
spar,10
sliiding,1
judge,5
whist,10
western,3
golf,24
collage,2
soak,17
interrupt,1
ref,2
tip,10
goatee,4
sell,23
perfume,1
cope,1
curved,3
vigorous,1
bring,11
urge,1
58,2
shelton,1
amaze,2
rescue,7
baby,430
stroller,38
carriage,19
droop,1
breaststroke,1
everything,1
giong,1
circle,22
shade,26
fishscales,1
unconventional,1
screen,30
photography,2
tarp,8
ladder,32
astro,1
turf,2
soft,13
hp,1
brand,2
endorsement,1
rubble,3
vandalized,1
mine,1
jockeys,2
motorcrossing,1
157,1
brighty,1
ornamental,3
skates,1
fisheye,1
policeman,32
flees,1
law,3
enforcement,2
agent,1
officer,38
ump,1
shovel,37
dig,55
salt,2
cliffside,3
clifftop,1
turquoise,10
beverage,14
cigarette,83
party,58
straggle,1
midfield,1
sweep,2
strong,2
does,1
encounter,1
apartment,7
impress,1
serveral,1
own,11
nine,4
strewn,2
homerun,1
safe,1
fails,1
golden,110
retriever,40
perspective,3
firetruck,13
billow,4
arrive,2
natural,18
bystander,3
thumb,26
shrubbery,3
wierd,1
paddock,1
wildly,2
may,1
sleek,2
contemporary,1
corporate,1
mirror,28
litter,9
javelin,1
vaulated,1
midpitch,1
profession,1
olympic,2
medal,7
peace,28
powerboat,1
aboard,1
paraglider,4
parasailors,2
lifevest,1
donut,5
sportwoman,1
sportman,1
waterfront,5
disk,9
michael,6
jackson,6
dj,7
album,2
thriller,2
hedge,1
fireplug,1
hydrant,10
boston,9
sox,3
beat,9
propeller,1
mommy,1
grown,3
hotel,8
rollskate,1
shin,1
chemical,1
mountaintops,2
eject,4
hilltop,3
substance,3
dinghy,3
trudge,1
canon,4
shock,3
tatoos,2
kiddie,21
mudfight,1
wading,1
dot,19
tatooed,2
shake,112
helment,2
guitarist,10
dirtbike,1
summer,12
thin,18
shadowed,1
seabird,1
bill,6
thing,12
reed,4
search,7
shoelace,1
rotate,1
oncoming,2
snowmobiler,2
checkered,9
sleeved,17
continue,2
drill,9
wodden,1
reflection,17
streght,1
gull,3
shady,4
graham,1
device,21
railgrind,1
knife,9
cracked,4
respond,1
hose,48
625,1
civil,2
war,41
reenactment,2
fashion,8
recreation,2
sveral,3
reenactor,1
spotted,16
breed,14
garden,56
terrier,37
lush,8
fallen,12
mottled,2
lab,27
frolicks,2
item,32
snap,8
chocolate,15
driveway,15
woolly,1
doberman,19
bulldog,11
anouther,1
int,6
star,35
tiled,6
energetic,1
corgi,8
obedience,3
dug,2
agile,1
barrior,1
torwards,1
retrieve,44
tug,61
chew,85
vegetation,4
seaweed,11
lav,1
kelp,1
furry,59
self,6
blanket,72
stuffed,29
bloe,1
inground,5
shaggy,34
tussle,11
coppery,1
rug,21
shag,1
hiss,2
hide,25
snarl,7
trot,25
hardscape,1
beack,1
faith,1
heather,1
puppy,154
foliaged,1
trek,8
stun,2
slurps,1
creek,43
cathing,1
has,5
yorkie,3
pitbull,19
shute,1
tent,112
canvas,6
poodle,52
streambed,1
rag,11
dried,4
sniff,54
somthing,7
sheet,23
owner,42
rummage,4
collection,3
stuff,40
pug,14
sale,8
merchandise,5
setter,3
flashlight,1
agility,19
slender,2
themselves,23
spaniel,5
german,76
shephard,7
family,87
tread,10
jomps,1
disc,24
frisbeen,1
centipede,4
nap,11
favorite,3
plush,5
caterpillar,1
burbur,1
yorkshire,2
slant,1
limb,13
gnaw,6
uncut,10
russell,4
measure,4
fribee,1
emerges,1
collect,7
padded,8
brownish,5
underbrush,1
rottwieler,1
dalmation,8
weimaraner,3
clipped,1
tail,29
farm,19
enclosure,7
goat,18
fang,3
reveal,5
prance,6
dobbermen,1
flowery,11
thick,7
hound,9
knotted,2
beg,10
fur,31
greet,7
excitedly,2
newly,4
pant,5
snarly,1
seesaw,6
perfect,1
basset,3
rearview,1
tethered,3
vw,3
ashen,1
flats,1
caramel,1
sad,7
shrub,6
exit,6
autumn,16
talent,1
butt,9
trike,2
husky,14
coyote,2
vary,4
sleep,81
slipper,6
fuzzy,12
bedroom,5
reflective,12
laborador,1
ware,3
floppy,11
explore,3
deflate,2
innertube,19
terrior,1
dingo,1
faucet,4
spigot,4
tap,6
brindle,7
coated,3
manner,2
dachshund,9
fade,4
reddish,8
skiny,1
pet,49
pucker,2
ping,1
astroturf,2
romp,10
kill,1
weirmeiner,1
garmet,1
cape,21
happen,4
narby,1
physical,1
contact,1
reindeer,3
antler,2
gazebo,2
chicken,22
chasse,1
alert,4
dalmatian,8
lease,5
frozen,21
find,5
newspaper,44
paper,89
australian,4
shepherd,71
cautious,1
pasture,6
snuggle,4
tinted,2
chin,10
scratch,9
euro,1
plat,1
junk,3
toilet,17
contracption,1
kitty,7
kitten,8
enclose,10
wilderness,6
marsh,9
mucky,1
swampy,6
embankment,4
fog,6
freshly,5
mown,2
where,40
straw,29
nervous,1
direct,3
faithful,1
alone,35
snowdrift,1
st,9
bernard,4
dead,26
smell,11
evergreen,2
outrun,2
cutoff,1
greyish,3
obscure,8
swat,2
nature,6
triangular,2
eight,17
aqua,11
operate,13
computer,36
laptop,16
keyboard,3
plushie,5
tv,13
news,2
television,9
indoors,34
further,1
cottage,1
cabin,4
cylindrical,1
hay,38
bale,12
rolled,2
elegant,5
attentive,2
rellow,1
skijoring,1
lesh,1
freeze,5
patched,1
wrinkled,3
rungs,1
coloring,1
grayhound,2
frolic,15
driftwood,1
pinscher,1
nuzzle,3
mushroom,2
hulahoop,1
diferent,1
sheppard,2
bting,1
flooded,3
landscaped,1
wiht,1
backview,1
squabble,1
waling,1
lassie,3
funny,39
speckled,3
identical,13
fox,1
sheperd,2
snowman,6
s,3
daylight,1
warily,1
investigate,6
blade,1
snub,1
riverbank,4
dine,6
careful,6
relection,1
payfully,1
ouside,1
rowboat,14
flexable,1
malnourished,1
whild,1
gated,4
tooth,3
confront,4
silky,1
wolf,5
samoyads,1
pure,1
await,6
fireplace,11
doll,10
bobbed,1
lined,7
route,4
meet,10
beagle,15
windy,3
rottweiler,6
office,13
froup,1
test,8
nurse,8
kong,1
doggy,2
spashes,1
twig,5
pee,4
cobblestone,11
either,14
redish,1
zigzag,4
queue,1
pomeranian,1
herd,17
ward,1
dane,3
puffy,7
miniature,5
apron,21
m,1
bushel,1
stiffing,1
share,19
pointed,4
catc,1
checker,5
crust,2
wasteland,3
cushion,12
stud,2
maple,1
purina,1
incredible,2
freesbies,1
order,8
act,14
mechanical,4
rabbit,6
iron,3
girder,2
alertly,1
development,1
sheperds,1
bigs,1
objest,1
shelf,6
muxzzled,1
rhododendron,1
slowly,1
drenched,2
marshy,2
mean,5
cream,46
grassland,2
intend,1
adopt,1
mixed,3
bounds,1
waterway,6
daschund,2
wiener,2
mulch,2
scar,1
playtoy,1
shortly,1
trace,1
ashy,1
counter,33
countertop,4
bow,29
eagerly,1
rv,5
campground,3
police,57
quilted,2
hear,7
cluster,4
roughhouse,2
fighting,1
streaked,3
dash,1
noy,1
sheltie,5
kennel,3
doghouse,3
fton,1
master,5
hope,3
receive,8
cardboard,27
cattle,2
breaker,1
togerther,1
shorthaired,6
madly,2
yawn,12
liquid,6
smilely,1
furred,1
relatively,1
sheepdog,5
curly,39
want,2
whiel,2
pillow,20
sparkle,4
steady,4
ankle,7
harnessed,2
surge,1
leashed,5
pedigree,1
chested,3
parrot,3
objective,1
smiff,1
behinds,1
wheat,3
pincer,1
crystal,5
marked,1
blank,1
mess,11
bent,1
breastfeed,1
milk,8
suckle,1
collared,5
paralell,1
medow,1
divide,2
retriving,1
dandilions,1
sombody,2
cannot,2
apart,6
aggressive,2
fiels,1
fitness,1
excercise,1
hairy,6
crazily,2
deflated,5
roughly,3
county,1
halter,6
slab,3
howl,5
soaker,1
netted,1
amazed,1
scanner,1
tattered,3
west,2
couch,104
snout,1
cheek,26
afghan,3
pointer,2
blog,1
o,12
collapsed,1
award,9
biscuit,1
milkbone,1
shorthair,1
thows,1
neon,26
retreiver,4
chubby,7
nubby,1
cylinder,2
bulge,1
demonstarting,1
tuft,2
foreleg,1
defecate,1
pooping,1
bathroom,18
grss,1
squeak,1
longeared,1
7,3
carpeted,2
rottweiller,1
piling,1
drool,2
weiner,1
avoids,1
loose,3
astride,4
numeral,1
stroll,7
standind,1
retrive,1
burrow,3
mattress,3
scratches,2
passenager,1
shew,1
russel,1
midstride,1
smal,1
doorway,31
seeing,1
elementary,1
noce,1
when,5
cute,9
tawny,1
curiously,4
nibble,4
urinate,2
prarie,1
dryed,1
remain,1
last,1
dishtowel,1
pillowcase,1
identifier,1
dappled,4
bib,6
marker,16
bolt,1
possibly,2
boardwalk,24
stubby,2
tale,1
1,3
apparently,1
confronts,1
pitbulls,1
sofa,20
pot,12
grayish,1
patchy,2
licks,1
autumnal,1
forefront,3
sight,3
active,5
tide,4
passageway,1
brow,2
redheaded,27
proud,1
chop,3
tray,9
cruiser,2
bone,11
headlong,2
farmland,2
knoll,1
holey,1
whiffle,1
footbride,1
potted,8
entangle,3
curious,4
grocery,24
wither,2
scamper,1
beyond,6
spiky,5
mouthpiece,1
unison,4
vega,2
debris,2
landfill,1
steeple,1
grin,14
tumbleweed,2
sparkler,21
embed,1
mist,5
ractrack,1
lack,4
underfoot,1
lope,1
staffordshire,2
bobsled,1
huskies,2
mush,2
meal,14
shiny,6
basett,1
biscut,1
darker,3
mitten,7
gingerbread,1
cake,25
recliner,2
frosty,2
flake,1
puff,4
buoy,2
muscled,1
culprit,1
dominant,1
chunk,9
jaw,2
necklace,36
ignore,5
icey,1
eleven,2
upper,6
fanny,2
pay,6
attention,10
metallic,2
cane,6
encourage,5
carrier,7
sleigh,4
respectively,1
warmly,10
standard,4
identification,1
racedog,1
confrontation,2
proximity,1
vacant,3
cattail,2
peck,2
manicured,4
comforter,1
rooster,1
puppies,1
contents,4
prize,8
clack,1
choke,2
gauntlet,1
rotweiler,2
protected,1
weimeraner,1
gnaws,2
cobbled,3
god,3
circumvent,1
hardly,1
soggy,2
deserted,1
labradoodle,3
fruit,18
plling,1
weird,3
peanut,5
butter,5
jar,8
rub,11
tease,1
mowed,3
lighter,3
dew,3
interlock,1
llama,3
juming,1
damp,1
kangaroo,6
fastest,1
company,4
gift,5
coloful,1
present,9
holiday,1
playhouse,6
content,1
surronded,1
wrapping,5
scare,4
tangle,2
tongee,1
gith,1
dhe,1
pinestraw,1
coconut,1
interested,2
elbow,3
walled,1
flattened,1
punctured,1
tractor,10
beaver,1
once,2
grove,2
fairly,1
wooly,1
nussle,1
quietly,3
nudge,1
stoll,1
hunch,3
gemmed,1
violently,1
doge,1
electronics,3
submissive,1
carying,4
backlegs,1
ot,1
domed,1
carreis,1
blays,1
floored,3
monitor,8
hallway,19
scrubby,3
tone,3
proudly,1
gallopsing,1
dirtbed,1
decorate,22
fronr,1
overwhelmed,1
onslaught,1
ropey,1
barbed,4
entwine,1
stiped,2
nestle,1
rather,1
mussel,1
pail,9
chihuahua,1
grainy,1
decoy,1
pup,2
newborn,8
momma,1
nerf,2
wiffle,1
mouthed,2
underwater,53
meeting,7
thrower,2
hunt,1
beckon,1
gover,1
overtop,1
hurry,3
pound,1
somehow,1
elevation,4
offstage,3
accross,2
retreiving,1
superman,7
heard,2
awkwardly,3
rippled,1
wash,7
bathtub,15
handheld,2
showerhead,2
livestock,3
ash,1
cinderblock,1
mate,2
seated,6
uncrowded,2
aisle,3
perked,1
key,1
scruffy,5
basement,3
multilple,1
crow,3
frisbie,1
persian,1
outline,3
zepra,1
blindfolded,2
lump,2
cock,1
shite,1
accompany,5
tidal,1
overflow,2
affectionately,2
brilliant,2
breeze,3
brawl,1
adventure,1
uplifted,1
corgie,1
elevated,3
snowfall,1
file,5
flexible,2
bog,1
retrives,1
possessively,1
concern,3
retreived,1
springer,1
springtime,1
creature,6
scrubland,2
barbeque,1
persues,1
hangong,1
pasta,5
jug,5
scent,1
terrorize,1
stoney,1
brook,2
bigg,1
deliver,1
cookie,8
dandylions,1
daisies,2
sweashirt,1
spoted,1
ditch,8
backside,2
offer,12
hunter,2
excess,1
persue,1
asleep,26
island,5
broom,13
mop,3
slimy,1
mossy,6
dinosaur,3
exhibt,1
pontoon,1
cradle,1
puncture,1
forage,1
pebbly,1
spout,9
peek,23
heart,11
chewed,1
terrace,4
laundry,3
daschunds,1
wish,1
someones,1
stony,3
hillock,1
powdery,1
stoop,8
triangle,2
wag,1
mansion,1
ornate,5
collapsable,1
emerald,1
listen,27
frisbree,1
palid,1
pacifier,14
algae,1
brickwall,1
nearly,5
stalk,2
mastif,1
kept,2
groomed,2
footed,1
waterline,1
calico,2
cage,14
cocker,1
dumbbell,3
weight,3
multiracial,1
goldfish,1
perfom,1
boxy,1
eyed,3
casual,5
eachother,1
digital,7
phone,55
fron,1
frown,6
cellphone,103
pompoms,2
necktie,1
foil,1
pom,2
routine,4
comfort,5
statue,71
barefooted,4
remove,6
garter,4
desk,22
masquerade,1
domino,8
severe,1
electronic,10
goofy,6
strapless,3
book,86
manmade,1
auditorium,4
buisness,1
blazer,2
aged,13
dimmly,1
conversation,10
gallery,17
mingle,6
groupe,1
attractive,4
halo,2
headscarf,28
arab,4
potty,4
john,2
tend,4
canopy,6
belongings,10
exotic,2
covering,5
smirk,2
pierced,5
piercing,5
floral,16
alcohol,2
coarse,1
ratty,1
cascade,4
versus,2
skin,6
pillared,1
trim,5
classic,6
cutout,14
double,5
pretend,20
breath,5
worker,35
cash,4
register,4
ripple,1
employee,2
dresswear,1
interracial,3
miniskirt,1
barely,4
congregation,1
worship,2
temple,3
shrine,4
worshipper,1
dolly,2
eadult,1
ethnic,3
speaker,4
sari,7
brass,2
jazz,1
saxaphones,1
exhibit,8
archway,5
visit,2
amish,3
religious,10
sect,1
poster,19
entitle,2
prom,3
scary,5
flyer,4
promotional,1
makeup,32
gothic,2
disney,1
mover,1
amuse,2
passer,1
story,3
blood,3
safari,3
character,11
bloody,2
explorer,1
starlet,1
barbwire,2
barb,1
poor,2
indian,27
bangle,1
india,3
safron,1
shawl,7
carries,2
sift,1
native,11
backless,2
pretty,6
bareback,2
sound,5
electrical,4
gathering,22
videocameras,1
teacher,5
presentation,7
lecture,4
atmosphere,1
gown,13
shelter,6
classroom,4
conference,3
slideshow,1
smock,3
lounge,18
bead,21
necklaces,1
tribal,2
jungle,31
drak,1
campfire,15
bonfire,2
brother,16
colapsable,1
us,5
chat,12
whisper,6
wool,2
sings,7
singer,10
button,10
stange,1
casino,4
showgirl,4
foyer,1
bullhorn,2
megaphone,1
samsung,2
participates,1
surgical,2
angry,2
colonial,2
victorian,2
hudge,1
populated,2
extravagent,1
thw,1
elaborate,11
period,6
prisoner,3
sexy,2
cop,7
jailbird,1
assist,8
session,2
chime,1
saffron,1
solid,1
brightly,6
throughwindow,1
shutter,3
sits,13
pepper,1
stance,2
market,49
clause,3
odd,4
escalator,9
elevator,7
mills,1
chandelier,2
fancily,1
toast,3
bridesmaid,12
groomsman,5
entire,1
protest,23
kingsworth,1
coal,5
protester,6
classical,1
picket,4
peaceful,3
bumble,1
mascot,6
signal,8
wrist,4
english,2
pub,1
hoodies,2
doorstep,2
tourist,12
fleece,5
wintry,4
pray,4
meditate,1
prayer,2
multi,3
cultural,1
assemble,1
build,9
chilly,1
tychy,1
miasto,1
poncho,4
grandmother,1
placemats,1
tanktops,1
legging,5
cubicle,1
forearm,2
feathered,6
headdress,13
drumset,1
darkly,2
sample,3
seafood,1
restaurant,87
pursed,1
apparantly,1
index,1
retail,2
busines,1
closeout,1
podium,5
pedestal,2
indicate,1
claw,1
velvet,4
wine,21
joke,3
disguise,3
nightlife,1
neither,1
sick,1
ill,2
words,8
grafitti,2
graffited,1
fireside,1
christmastime,1
dresser,3
decorated,9
playmat,1
venue,1
elf,2
umbrella,98
orangish,1
manequins,1
walker,6
suck,11
bracelet,8
pinch,1
onsie,1
luggage,15
language,3
crosswalk,23
erupts,1
firecracker,1
gaze,16
cry,23
oregon,3
percussionist,1
throat,1
condom,4
paraphernalia,1
obama,21
distribute,1
promting,1
website,2
acrouss,1
coffee,28
aboriginal,1
castle,9
elephant,19
drape,4
drap,1
turban,7
pat,1
choir,2
ensemble,1
camcorder,6
eyebrow,8
moustache,7
cigar,9
goucho,1
marx,5
false,2
groucho,4
diner,10
arabic,1
establishment,3
texts,1
lighting,13
rotary,1
dial,1
booth,20
teddy,8
feature,7
arcade,15
preoccupy,1
middleaged,4
marketplace,8
dart,1
bust,2
sweatshir,1
portrate,1
speedos,2
playpen,15
toddles,1
notebook,2
headscarves,1
abs,1
depict,5
model,7
unzip,1
flute,12
converse,10
headwrap,2
mouse,10
know,2
picure,1
refer,1
muslim,3
lavender,3
angrily,1
observes,3
suffer,1
bookstore,7
browse,6
wii,1
contemplate,3
thought,1
think,3
decoration,6
gorgeous,2
crumble,3
are,9
curtain,6
mantle,2
speedo,5
camp,20
moniter,1
polka,16
hurridly,1
kimono,6
injured,8
dwell,2
advertisement,4
pooh,5
backpacker,12
mcdonalds,2
toboggan,4
sunbather,2
beachgoer,3
recline,4
escort,3
pastor,1
newlywed,3
attend,3
fix,6
vested,1
picutre,1
legs,2
iceskate,1
busk,1
downsteps,1
alter,2
marry,3
maid,1
adjust,8
bridal,7
brides,1
dramatically,4
romantically,1
romantic,1
shout,4
alcove,1
showroom,1
cooper,1
auto,3
memorial,3
washington,5
dc,1
d,2
c,4
wintery,2
procession,1
wagon,28
pumpkin,17
wicker,5
basker,1
spiritual,1
landmark,1
yoga,4
torii,1
leopard,1
instruct,1
instructs,1
professionally,1
blindfold,9
salvar,2
planeta,2
write,16
spanish,3
greenpeace,1
mike,1
eldery,2
ceremony,7
dacshund,1
progressively,1
vine,8
desolate,3
streetlamp,1
nicely,2
ability,1
infant,16
policeperson,1
cot,5
id,1
badge,5
ferry,6
visitor,3
factory,1
decide,2
menu,6
soup,2
upclose,1
portrait,7
trumpet,8
stool,20
trombone,1
waing,1
locker,7
puzzle,2
concerned,2
backback,1
restaraunt,3
cafe,18
anciet,1
pocket,5
tell,2
secret,1
headcover,1
setup,2
activity,4
schoolgirl,3
schoolboy,1
production,1
ca,1
zchtv,1
footage,1
report,1
rectangle,1
photograhi,1
equpitment,1
equpiment,1
antenna,3
flatscreen,1
technical,2
babies,1
projector,1
lecturer,1
30,1
square,27
shirted,5
entertain,4
bluejeans,4
comfortable,1
patron,2
nightclub,4
siren,1
thatched,3
bamboo,4
violinist,1
acoustic,4
variety,1
folks,1
ladies,4
painting,5
beret,8
mustache,9
suprised,1
pouch,2
cabana,1
oval,2
acroos,1
suggestive,1
ls,1
mustached,2
business,14
nametags,1
lantern,6
burka,1
vocabulary,1
blackboard,1
chalkboard,3
origin,1
colecting,1
common,1
pony,12
renaissance,3
medieval,8
troupe,1
flamboyant,3
ballons,1
signage,1
mosque,2
arabian,3
vendor,13
taxi,5
wisks,1
clasp,2
zoo,5
noise,1
maker,1
streamer,6
noisemaker,1
popper,1
palying,2
attentively,2
thread,1
spindle,1
primp,1
camel,34
lego,5
snack,9
barber,3
china,4
commuter,2
rehearse,1
cramp,3
dimlight,1
total,1
except,6
separate,3
plaza,16
district,1
age,9
admire,13
personal,1
womand,1
mardis,1
gras,3
suggestively,1
breast,2
jumpsuites,1
painted,16
bang,4
browm,1
twho,1
seperate,1
lagoon,3
ant,2
sub,1
saharan,1
bandmates,1
associated,1
cave,21
afican,1
recieve,1
rice,2
pregnant,2
lipstick,7
solitude,1
eyeglasses,2
dooorway,1
onward,3
glance,4
trolley,1
joyful,1
pensive,2
those,4
guess,1
meat,3
asia,2
bun,2
library,10
headwraps,2
slouch,3
cello,2
source,3
heavyset,2
boned,1
physique,1
3rd,2
continues,1
multistory,2
temporary,1
construct,1
faint,1
appears,1
magazine,17
wound,2
injure,3
glacier,6
awe,1
tattoos,1
homeless,29
donate,1
panhandler,1
handout,1
handbag,8
mosaic,1
pastel,2
limo,4
limousine,5
marble,9
midway,1
doughnut,2
demonstration,3
product,10
exibit,1
awning,9
ragged,3
playy,1
grownup,2
statute,2
clue,1
priest,10
stadning,1
baptize,1
museum,13
lobby,4
mill,4
information,2
reception,5
skeptically,1
ruined,1
chess,5
blossom,7
cherry,2
lunch,6
crooked,2
hazmat,2
dummy,4
stretcher,2
dangerous,2
biohazard,1
gurnee,1
occassion,1
pinstripe,2
scenery,9
shawled,1
refuse,2
turbaned,1
maroon,8
osme,1
meetinghall,1
paperwork,8
signature,1
document,2
casually,4
longish,1
aquarium,3
seal,5
security,9
tea,4
mug,10
tabloid,1
peolple,1
hawaiian,8
bluff,5
slate,1
apple,21
experience,1
avrovulcan,2
com,3
name,3
lanyard,1
arrangement,2
vase,1
rose,3
haircut,7
gondola,6
operator,1
italy,2
gondolier,1
venice,1
islamic,1
holy,1
booklet,1
telescope,9
bouquet,7
verbal,1
exchange,2
perplex,1
cardigan,3
subject,2
best,2
wader,2
concentration,2
campsite,8
ethnicity,1
refugee,1
texting,2
gothically,1
anime,2
cosplay,1
tightrope,11
peddle,2
east,1
tablet,2
note,8
knight,1
royal,3
novelty,3
king,1
queen,3
intervene,1
care,4
againest,1
toyota,2
unpaved,2
hats,1
hindu,1
citizen,2
foreigner,1
occasion,2
salmon,2
lapel,1
bunchh,1
youngster,5
motorize,5
messenger,3
map,7
canvasses,1
enforcment,1
pours,2
modern,5
crochet,2
sticker,1
flickr,1
shocked,1
beaded,4
cheerfully,1
twp,1
length,3
windows,1
eyepatch,1
skull,19
ganilla,1
bass,3
piano,9
harpsichord,1
pianist,1
ceramic,1
less,1
developed,1
mandolin,1
pluck,1
chello,1
stringed,2
housekeep,1
waitresses,1
chef,4
address,1
diverse,1
built,1
comic,3
superhero,1
spiderman,26
xmen,1
waiter,5
unhappy,5
resaurant,1
nail,5
notice,3
fundraise,1
tented,2
smartly,4
fashioned,5
spokesmodels,1
hotrod,1
adore,1
vfw,1
funeral,2
fraternal,1
organization,1
graveyard,1
mount,2
highschooler,1
teens,2
yound,1
naval,1
peoople,1
headresses,1
iove,1
love,10
message,1
fingertip,1
egde,1
chief,2
headgear,1
speaks,1
nation,2
canada,2
canadian,2
ques,1
restrain,1
binocular,2
sightseer,1
scope,1
tame,1
pullover,1
socialize,4
till,1
thatch,1
tool,12
soil,2
hoe,2
certificate,3
announcer,1
looking,1
robot,9
earphone,7
kisses,1
bohemian,2
headwear,1
tartan,2
greenhouse,6
rake,1
unfinished,5
wig,17
mutltiple,1
local,4
soundproof,1
bottled,2
tophats,2
most,4
directs,4
cosplayer,1
facepaintings,1
hatchback,1
tee,7
jewelry,15
mirrored,2
sphere,1
popsicle,5
popscicles,1
lollipop,5
popcycles,1
probably,1
fashionably,2
outise,1
rates,1
tipped,1
panel,6
10,1
gaurdian,1
ascend,13
beanches,1
spacious,1
emty,1
earring,14
mardi,3
gra,1
will,4
abdomen,1
midriff,1
gay,2
pride,3
shredded,1
lame,1
tour,3
garland,1
brazilian,1
lei,1
waaves,1
torso,3
mono,1
nipple,4
piercings,3
provocative,1
unified,1
flash,5
snowflake,1
sister,10
piggyback,5
storefront,9
tier,1
comprise,1
guest,1
array,2
unexcited,1
plywood,1
folded,1
apparel,2
final,2
here,1
girlfriend,1
vintage,3
antique,2
symbol,3
ornament,5
indescript,2
framed,4
artwork,4
belays,1
crampon,1
gentle,1
iced,3
moutains,1
hiker,115
wintertime,2
n,4
daft,1
rappel,6
dome,4
shaft,1
spelunker,3
cavern,1
atvs,3
gin,1
harvested,2
cornfield,1
aerodynamic,2
headlamp,2
snakeskin,1
sunflower,3
worn,1
practices,1
bats,1
mountaineer,9
marlin,1
yacht,2
barge,1
foal,2
colt,1
waterbed,1
summit,6
golfer,2
fairway,1
leotard,12
capri,4
telephone,9
gateway,1
bmxer,1
paddler,2
calculate,1
oppsite,1
reel,1
rod,11
relaxes,3
solitary,3
treeless,1
ciff,1
brace,2
pickup,4
trapped,1
ravine,4
wispy,1
drapped,3
turbulent,1
meander,3
scuba,22
gloved,5
snorkel,3
submerge,8
lobster,3
crustacean,1
found,2
quiet,2
waeribng,1
flow,7
uptop,1
excavate,1
scientist,1
artifact,1
possible,2
paleontologist,1
archeologist,1
craft,8
fluid,1
drawn,3
snowbound,1
texas,1
already,1
razzling,1
broach,1
pearl,3
antiquated,1
sink,7
windbreaker,1
scalling,1
ralley,2
muscle,4
downriver,1
waterskiis,1
antelope,1
america,3
wildebeast,1
13406,1
sections,1
blaze,3
rocker,3
spotter,3
scatter,1
hardhat,17
swinging,1
rangler,1
cargo,4
khakis,1
resort,7
wearubg,1
crag,2
fishemen,1
attrative,1
skimply,1
threaten,2
fern,2
preserver,1
feel,3
conoe,1
parachutist,3
unfurled,1
arid,1
foothill,3
gymnastics,7
foggyday,1
prow,1
steamy,1
kayacker,1
downstream,1
mani,1
calmer,1
pyranha,1
repair,1
region,3
detector,1
mile,1
someplace,1
distnat,1
hate,2
parked,2
binoculars,15
thermos,2
mountian,2
traveller,1
wan,1
roading,2
cruise,3
verdant,1
bustle,1
typical,1
thrash,1
crevice,3
wink,6
ll,1
bean,1
vapour,1
peacefully,1
pleasant,1
conditions,2
peer,15
b,1
fin,1
beauty,4
lilly,1
lodge,3
gorge,1
noticable,1
crack,3
seawall,1
repel,11
birthday,19
palace,1
looling,1
british,5
guardsman,1
apex,1
easter,6
caravan,2
dove,1
abseil,3
dangles,1
donkey,7
brake,2
mule,3
breach,1
nat,1
handled,2
penguin,3
waterproof,2
cappedhills,1
quite,1
call,10
neptuno,1
horserider,1
placid,2
weep,1
willow,1
chisel,1
axe,2
hack,1
prairie,3
forceful,1
readied,1
remax,1
creep,1
enclosed,3
illuminate,2
horseshoe,7
yong,2
footpath,1
oklahoma,18
sooner,32
50,1
wuth,1
discouraged,1
headset,5
communications,1
touchline,1
collegiate,1
uw,2
congratulate,1
discuss,2
scan,1
offensive,1
notre,1
dame,1
timeout,2
ou,2
attempted,1
opposition,1
would,1
elude,1
wisconsin,1
endzone,1
17,1
tackled,1
fumble,1
scrimmage,2
receiver,1
collaborate,1
teamates,1
layer,2
oppsing,1
42,1
jersay,1
national,1
anthem,1
manager,1
excercises,1
28,3
weas,1
armband,3
19,3
gigantic,1
isolated,1
nude,5
enthusiast,1
fully,3
lag,1
scout,3
connect,5
alon,1
steam,4
lifevests,1
phrase,3
inscribe,1
paraglide,1
squeezes,1
footprint,5
adventurer,1
stacked,1
lilypads,1
lillypads,1
neeling,1
moutainside,1
behing,1
rode,1
coastline,3
powered,1
parachuter,1
smokestack,1
setting,2
hanglider,1
neatly,1
woody,1
conoes,1
footbridge,2
sunshade,5
picnicker,1
sunbathe,4
drench,4
counry,1
watches,1
dimpled,1
copper,3
vend,4
puppet,4
theater,9
canooer,1
conifer,1
badly,1
branded,1
shored,1
regain,1
composure,1
rover,3
any,2
stockcar,1
casterol,1
22,1
29,1
burst,3
experimenter,1
breathe,3
tourquoise,1
vast,3
canoer,1
moutain,1
innertubes,2
noodle,7
situate,1
muffler,1
verizon,1
splatter,2
conch,1
bunny,12
headlight,4
ax,1
hammer,4
accordion,10
riwal,1
upstream,1
snowploe,1
plow,3
manually,1
crumb,1
vaste,1
backseat,2
siluettes,1
survey,1
indigo,1
peach,7
venture,1
wetland,1
frond,1
reson,1
paraglides,1
lonely,2
cringe,1
squint,5
weilding,1
gnome,1
coverall,2
replace,2
marquee,2
waterhole,1
glacial,1
erode,1
cadet,1
properly,1
dense,1
swimcap,1
hoist,2
lamp,6
untouched,1
trekkies,1
rif,1
ding,1
horned,1
coutryside,1
campus,5
traveler,1
geyser,5
foldable,1
geological,1
oak,1
gorup,1
snake,11
widow,2
icicle,5
occupy,1
carousel,3
skislope,1
acrobat,1
rustric,1
igloo,5
overnight,1
workout,4
ti,1
chi,1
passage,1
tho,1
convoy,1
interestingly,1
jetty,5
carton,3
winston,1
nylon,2
voice,1
bongo,2
discover,1
otherwise,3
organize,2
sidwalk,1
imagery,1
crucifixion,1
jesus,6
christ,1
crucified,1
coffin,1
pall,1
catholic,2
casket,1
sidewalks,1
plungles,1
submerged,2
overshadow,1
heat,1
masses,1
gradual,1
moutnain,1
camper,3
overshadows,1
bodyboard,5
supplies,4
polaris,3
grassed,1
orangesunset,1
hoodoo,1
panoramic,1
quaint,1
bushy,3
remember,1
armenian,6
genocide,6
1915,1
1923,1
speech,3
relate,1
deal,1
flank,1
elder,4
crosslegged,2
semi,2
darkness,2
wavy,2
seventh,1
grond,1
depth,1
steak,1
thck,1
fantastic,1
marvel,1
oiled,1
suntan,1
lotion,1
suntanning,1
lazily,1
smash,1
maintain,2
fingerhold,1
gal,2
spash,1
shadowy,1
forth,1
establish,1
torch,1
moon,5
sole,3
overlooks,2
tandem,3
sillouhette,1
viewfinder,1
footrace,1
belay,1
woven,1
laden,3
kayer,1
sinks,1
sillhouetted,1
glassy,1
fisher,2
overall,27
climbs,1
encripted,1
snowpacked,1
nest,1
shaky,1
slat,1
driftrood,1
rickety,2
sunlit,2
ray,2
bodysurfs,1
keffiyahs,1
containig,1
rainstorm,1
majestically,1
blitz,1
takeout,1
hail,1
overshirt,1
chrome,1
sequined,4
headress,1
illustration,2
adobe,1
spiked,4
suspension,1
pig,6
walkman,1
shetland,1
starbucks,2
barista,1
waitress,2
complimentary,1
arched,3
arbor,1
atrium,1
protrude,1
dramatic,1
gamble,1
twin,7
transit,3
aquos,1
refreshment,2
vacation,2
korean,1
aluminum,1
clothesline,1
granny,1
panties,1
underpants,1
adhd,2
clever,1
parody,1
ac,2
nod,1
compact,1
latte,2
notepad,1
label,4
evil,7
crazy,2
hairdo,1
tired,2
transportation,9
pharmacy,4
rite,2
broadway,2
circus,1
level,2
attraction,3
fixture,1
saxophone,8
liberty,4
windowed,1
twenty,1
fourth,1
tak,1
macintosh,1
headless,1
mannequin,4
askance,1
stonesign,1
penzance,2
welcome,2
florescent,2
uggs,2
goth,3
trendy,1
usual,1
ancient,4
expansive,1
neckless,1
zebra,1
trunks,3
overcast,2
lemon,1
lemonade,3
juice,9
cater,1
buffet,1
mohawk,49
gelled,1
tim,1
hortons,1
transparent,2
modification,1
razer,1
sedan,1
orchestra,1
quintet,1
shimp,1
kilt,9
peddal,1
fatigue,1
handler,1
expressway,1
bum,3
mom,13
finley,2
introduce,1
invention,1
pizzeria,1
buzzes,1
starbuck,1
sip,7
ipod,4
directory,1
times,2
program,1
jacketed,1
dreadlock,14
punk,5
hairstyle,4
pierce,1
underpass,1
drawing,2
regularly,1
department,4
dice,1
companion,3
facepaint,4
devil,5
lighted,2
saber,5
glow,5
sabre,1
ok,4
mickey,7
adorn,3
orb,1
diry,1
corndogs,5
blower,2
trash,9
transport,1
squeamish,1
bulletproof,1
proof,1
gandhi,1
ghandi,1
vike,1
pane,2
section,2
crate,6
destination,1
derssed,1
ampitheater,1
skeleton,9
halloween,11
money,18
tote,2
groceries,3
bruised,1
rental,1
denim,35
bookcase,1
witnesses,1
dealth,1
signpost,1
garment,3
poof,1
woolen,1
overcoat,5
glassses,1
snowstorm,2
mistletoe,1
theme,4
tough,1
cheap,1
drain,6
filiming,1
peacoat,1
downpour,1
distress,1
mock,4
egyptian,1
egytian,1
seattle,8
sponsorship,1
emblem,1
weathered,2
diagram,1
study,2
anatomy,1
customer,5
fortune,1
landform,1
minerature,1
arrange,2
works,1
trailer,4
hollywood,3
fame,2
handicapped,2
sightsee,2
seater,1
kildare,1
tuner,1
drab,1
foreround,1
artistic,2
gonzaga,2
neclace,1
gontaga,1
need,3
wheelbarrow,8
lakefront,1
nd,1
tab,1
hairnet,1
fitls,1
muff,2
dimly,1
crime,1
enviorment,1
reclines,1
tw,1
panda,1
purchase,7
ticket,12
ourdoors,1
perfoms,1
dyed,2
burgundy,3
twenties,1
distored,1
oxford,3
louis,4
vuitton,4
hapy,1
virtual,1
project,1
foreign,1
working,1
sheltered,1
consume,2
surroundings,1
astonishment,1
youn,3
thre,1
stained,3
sweatsuit,2
veil,4
kiosk,2
rectangular,1
spare,1
government,1
collarless,1
courthouse,1
pencil,3
freddy,1
krueger,1
posign,1
loaves,1
broen,1
photographic,1
review,3
dollar,7
flautist,1
applebee,1
dave,1
buster,2
chinatown,1
flops,2
puma,2
cloak,4
bouncey,1
checked,3
knitted,1
fedora,3
minnie,1
dotted,2
spouse,1
jaket,1
ther,1
intricate,1
buddist,2
buddha,3
prays,1
monk,4
slacks,4
bomber,1
earflap,1
headscarfs,1
tulip,19
longsleeve,2
fro,1
candy,15
lolly,3
graphic,2
sunhat,1
paneled,1
lighthouse,3
engrave,1
names,1
flier,1
fawkes,1
pillar,5
unshaven,1
buzy,2
seidwalk,1
delivery,1
easel,4
workshop,2
min,1
patterned,7
youngle,1
unamused,1
hooker,2
mission,1
portland,2
font,1
miscellaneous,1
chap,4
chainmail,1
codpiece,1
perhaps,2
novel,1
potato,9
chip,8
chips,2
cigerette,1
graffitti,1
corn,25
cob,9
dge,1
civillians,1
busstop,1
add,1
recyclable,1
slump,1
massage,5
vibrate,1
grill,3
cornstalks,1
roast,1
husk,3
thumbs,3
shriner,1
mercury,1
pnc,1
cacti,1
lampost,1
undershirt,2
shoeless,3
birdcage,2
nothing,1
smear,5
defaced,1
towarn,1
tissue,1
beachfront,1
energizer,3
anything,1
stacks,1
yet,1
zone,1
surounded,1
fuchsia,1
emphatically,1
express,1
opinion,1
pleadingly,1
cashier,1
checkout,1
disheveled,2
poofy,1
boarded,1
sleve,1
satchel,2
suitcase,4
lucky,2
caucasian,1
stripped,5
dale,2
jr,2
earnhardt,1
metropolitain,1
condominium,1
clergy,1
redbull,3
gi,1
represent,1
unoccupied,1
santana,1
57,1
sparsely,2
occupied,2
ruin,5
abandoned,1
pinwheel,2
oriential,1
volkswagen,1
beetle,1
coupe,1
south,1
flaps,1
lawnchair,1
mime,3
lavendar,1
winnie,4
eatery,1
bespectacled,1
henna,3
rack,9
hankerchief,1
pompadour,1
gigolo,4
peirced,1
compound,1
scarily,1
ependent,1
awkward,1
doze,2
genetic,2
freak,2
broadly,2
thank,1
angel,6
mature,1
suspiciously,1
heeled,1
system,2
firends,1
flamboyantly,1
duffel,2
hoolahoops,1
excersizing,1
fairy,8
pastry,2
baked,2
tattoed,1
interior,2
senior,2
slice,4
advertisment,1
wharf,4
terminal,2
sweats,2
profusely,1
patrol,1
hell,7
spool,2
pice,1
machinery,1
merchant,1
mullet,1
fig,1
closer,1
annoy,1
styrofoam,1
leaned,1
banjo,2
agency,1
pensively,1
dreeds,1
ban,1
swaetshirt,1
supermarket,1
lettuce,1
waterspout,2
devotion,1
nfl,1
otuside,1
lace,1
sew,6
metro,2
bikina,1
saroog,1
sarong,1
speach,1
confuse,2
grouchy,1
misspelled,1
crooswalk,1
spell,4
baggage,2
burlap,3
wrinkley,1
exception,1
tune,1
trackside,1
stylish,1
worried,2
keel,1
zombie,4
everybody,1
horro,1
bloodied,1
haloween,1
social,1
stamds,1
pring,1
london,1
ferrett,1
cemetery,1
odeon,2
stocky,1
excited,4
enjoyable,1
bleach,1
plug,2
pac,1
08,1
campaign,2
supporter,4
2008,1
presidential,2
election,2
biden,1
candidate,1
democrat,1
political,4
chris,1
gregoire,1
heritage,1
average,1
everyday,1
potties,3
portable,4
barack,2
tout,1
unite,1
celebratory,1
streched,1
enlarge,1
carpenter,1
amused,1
paperback,3
consult,1
entertainment,1
vampire,3
goer,1
treck,1
alien,2
werewolf,1
bandaged,2
responder,1
word,1
mambo,3
italian,1
mexican,5
mexico,2
needlepoint,1
abarrotes,1
pokemon,2
ashtray,1
vibrant,1
sentence,1
palestinian,1
geisha,1
aside,1
mp3,2
tiara,5
dimond,1
statefarm,1
robed,2
orthodox,1
trench,7
boatload,1
san,2
diego,2
neat,1
wrestilng,1
ninja,9
disturb,1
embroider,1
layered,1
mcdonald,1
incense,4
smoky,1
payphone,1
pajama,22
telephot,1
intot,1
mind,1
hungry,1
judea,1
blame,1
israel,2
hypocrite,1
judgement,1
pinstriped,1
snore,1
cheeseburger,1
hamburger,6
sat,1
sum,1
competiting,1
competiton,1
historic,2
convention,1
cube,1
cautiously,1
sure,1
apply,6
perm,3
client,1
salon,4
advertize,1
console,1
cd,1
shopper,4
pizza,10
donation,1
trouser,2
amnesty,2
international,2
ally,1
flirt,1
pleople,1
stoplight,1
paintbrush,2
faced,1
celtic,1
burnt,1
text,1
expressionless,1
buddhist,1
lkievely,1
tinsel,1
accessories,2
memorabilia,1
veteran,2
horizontally,1
extravagantly,1
stiffly,1
posed,1
h,1
sequin,2
glittery,2
espana,1
spain,1
earpiece,3
bluetooth,1
furnace,2
emblazon,1
flea,2
banana,5
plantain,1
littered,1
bookshelf,3
fries,3
skyward,2
dupar,1
anti,1
tax,2
dont,1
me,1
bro,1
pigtail,14
restroom,1
teeshirt,2
stubbled,1
passin,1
boe,1
surrounded,1
printed,3
fixer,1
mainly,1
disgusted,1
overfilled,1
chart,2
shabby,1
zig,1
zagging,1
lookout,1
viewpoint,1
softdrinks,1
clock,1
portfolio,1
outfir,1
peruse,1
nursery,2
herb,1
vegetable,4
bakery,1
shoulderbag,1
goof,1
sportswear,2
brige,1
varied,1
panasonic,1
ceremonial,1
tassel,1
stoic,1
fringe,2
ghost,1
ghostbuster,3
impersonator,2
stocking,1
chunky,1
torn,1
dupont,1
earmuff,2
bland,1
blouse,2
peircings,1
fadora,1
joker,1
policewoman,2
mermaid,1
aligator,1
swarm,3
ink,3
eccentric,1
cheery,1
solicit,1
chili,3
cheese,2
obese,1
mustard,2
enterance,1
literature,1
antoher,1
robust,1
cleavage,1
tatoo,1
parlor,5
farmer,5
organic,1
linet,1
dreary,1
listens,1
gesticulate,1
wal,1
mart,2
unifrom,1
walmart,2
seller,1
dragon,9
widely,1
startled,1
nech,1
planter,1
hello,7
greets,1
toll,1
fluorecent,1
director,1
pf,1
internet,1
yerba,1
buena,1
tundra,1
snapshot,1
80,1
stepstool,1
thong,1
questioningly,1
year,1
celebration,2
gyro,3
butcher,1
beef,1
patrick,3
shamrock,2
plenty,1
bartender,1
toolbox,2
picute,1
fantasy,1
wax,1
84,2
peterson,2
amplifier,2
complex,2
conical,1
sillhouttes,1
woamn,1
crossed,2
impeach,4
sombrero,2
mobility,1
creepy,1
petterned,1
billiards,1
cue,1
pave,2
discussion,1
scull,1
knuckle,1
jewlery,1
braided,1
fedex,2
trooper,2
tge,1
riverside,1
seek,2
humorous,1
ilk,1
honest,1
trade,3
poem,4
desperate,1
creative,1
garner,1
zaftig,1
kerry,1
needle,4
mysterious,1
wilbert,1
opportunity,1
flagger,1
punkish,1
affix,1
dilapidated,1
troll,1
aveda,1
real,5
headline,1
bandana,1
ion,1
extended,2
backround,1
hippie,1
messanger,1
jaywalk,1
feamle,1
matchin,1
jumpropes,1
hoops,1
backgound,1
curtsey,1
spangle,1
feathery,1
checkstand,1
wizard,1
shiner,2
cuddle,2
ferris,2
farris,1
amuseument,2
simpson,2
convienance,1
cartoon,2
joint,1
slurpees,1
convienience,1
arrow,5
convenience,1
slushies,1
frustrate,1
redhead,1
powerlines,1
meter,4
bleak,1
hippies,1
tinkerbell,5
brimmed,2
pagent,1
cruisship,1
assorted,1
yarn,2
wedgie,1
outfield,1
confused,1
broad,1
trimmed,2
atm,5
withdraw,1
brwon,1
breezeway,1
scrolled,1
entry,1
fingerpaint,2
aross,1
tin,1
brochure,2
magizine,1
pamphlet,2
suds,4
soapy,1
jumphouse,1
inflated,5
od,1
cine,1
rosy,1
frog,5
crescent,1
trump,1
sprawl,4
litlle,1
spoon,7
binky,1
supervision,1
burnished,1
lakeside,1
colred,1
coral,1
encircle,1
crib,3
fayre,1
leaguer,1
ohio,1
chidl,1
latter,1
diveboard,1
baggy,1
saver,1
floaties,13
simultaneously,1
yellowish,1
bulky,1
snoopy,2
crocs,3
chaperone,1
sponge,5
diaper,10
pullup,1
prefabricated,1
frightened,2
hooked,1
fives,2
fiving,1
glare,1
bathingsuit,1
recreational,2
closed,2
burger,1
conceal,1
bouncy,11
thie,1
sippy,3
unpainted,1
medatative,1
meditational,1
uniquely,1
cries,4
dessert,1
brighly,1
corkscrew,1
sparrow,2
caribbean,1
doo,1
islide,1
poll,1
europe,1
teeter,2
totter,2
stretchy,1
charm,1
floatation,4
portion,2
scrub,2
loofa,1
strapped,1
magic,1
magician,2
smack,2
eyese,1
tickle,1
convert,1
childrens,1
potrait,1
informal,1
gleefully,1
largley,1
bell,2
doorbell,2
swine,1
piglet,2
cannonball,2
goodbye,2
schoolchildren,2
whack,3
mole,1
em,1
cache,1
swordfighting,1
angerly,1
glower,1
steve,1
nash,1
cork,1
ivars,1
crock,2
grate,2
drainpipe,1
armful,1
paisley,1
yuong,1
remote,3
playstation,1
identically,3
utensil,2
implement,1
fork,2
utilities,1
menacingly,1
grimmaces,1
crocodile,5
harmonica,2
guiutarist,1
nutcracker,2
turquiose,1
giggle,1
foosball,1
develop,1
helments,1
wring,2
strawberries,1
sleeding,1
berries,1
syrup,3
lifeguard,1
figurine,1
piled,1
intertube,3
choice,1
hods,2
enthusiastically,2
hobby,1
mittened,1
dumps,3
schoolyard,1
classmate,1
messily,3
spaghetti,3
least,2
grow,2
bullseye,1
archer,1
haystack,3
muti,1
frilly,2
princess,2
boredom,1
jewish,1
completed,1
childing,1
fort,3
pout,1
apportion,1
campflauge,1
cami,1
hawaiin,1
playgym,1
pudding,2
snowshovel,1
sandbox,3
sitts,1
wizards,1
climing,1
weating,1
cleats,1
peoplw,1
slinky,2
sibling,1
confetti,6
bluejean,1
mouthguards,2
tigger,1
cubby,1
cheeked,1
prepares,2
assault,1
dozen,1
shirtness,1
juggler,1
shit,2
ripstik,1
onesie,1
toppless,1
hr,1
mr,3
potao,1
girls,3
toothpaste,1
craw,1
crab,4
backbend,3
tubular,2
hopscotch,5
grid,1
bonnet,5
scubba,1
oh,1
wearhing,1
segway,3
rig,1
mast,1
overturned,3
article,1
amoung,1
ridable,1
blues,1
tupperware,1
girt,1
moonwalk,2
sundress,5
colander,3
mad,1
strainer,1
inflatbale,1
tomato,1
sewer,1
illustrated,1
dismount,1
peep,1
helemt,1
observer,1
distort,1
painter,1
hero,3
mold,1
htting,1
toothbrush,3
dojo,1
merry,21
washer,1
swetashirts,1
saturated,1
oout,1
pipeline,1
p,3
spirit,1
pep,1
celebrities,1
props,2
musicans,1
posh,1
pre,3
samll,1
chute,2
uneven,1
4x4,1
subdivsion,1
sandpit,2
sandcastles,1
cupcake,1
faux,1
crossbones,7
bathrobe,6
helmets,1
backstroke,11
rash,1
goggle,3
spurt,1
cin,1
izod,1
lightly,1
corrugated,1
enjoys,1
cotton,4
shrowded,1
enthusiastic,1
whie,1
bigwheels,1
swinger,1
stingray,1
redwood,1
sequoia,1
beaten,1
navel,1
grenade,1
longhorn,1
undone,1
forwards,1
taste,1
leapfrog,3
maraca,1
tambourine,2
swims,1
outstreched,1
sill,1
vent,1
clowds,1
tankini,1
cereal,1
turnaround,1
swimsuites,1
strength,1
flex,2
whip,3
pavillion,1
swordfight,1
critter,1
streetpole,1
tike,1
spay,1
vat,1
discovery,1
crudely,1
wristwatch,2
zara,3
bottomed,1
soled,2
shiver,2
frizzy,1
enjoyment,1
flume,1
rollercoaster,3
tobaggons,1
seahorse,1
gettnig,1
patterened,1
boogieboard,2
barettes,1
hairclips,1
waterful,1
via,1
web,3
cam,3
jumping,1
bars,1
drip,2
chopstick,9
sushi,1
blown,1
alotment,1
clibing,1
seaguls,1
gren,1
carabiner,2
shark,1
chained,1
powerful,1
unspooled,1
inertia,1
ladle,4
v,3
banister,1
pavilion,1
gush,1
jersy,1
tonge,1
gound,1
croquette,1
bunk,3
loader,1
excersise,1
halmets,1
bikins,1
swimwear,2
floater,1
steamboat,1
riverboat,1
preserves,1
fortess,1
wmoan,1
onrushing,1
handcrank,1
crank,3
redskin,1
universal,1
waterpark,1
fairies,2
playgroud,2
plan,1
suite,1
footwork,1
backstand,1
armoire,1
raked,1
raised,1
buffalo,2
ballerina,5
backstage,1
eyeshadow,1
anchor,1
alligator,4
belong,1
staue,1
facefirst,1
naturally,1
passifier,1
clump,2
swipe,1
hulk,1
harvest,1
brave,1
tantrum,2
kakhi,1
deposit,1
trap,1
uno,4
additional,1
exposition,1
streches,1
glvoes,1
tiretracks,1
revel,1
walkng,1
jumpinjg,1
adjustment,1
lesson,1
ranger,2
tye,1
skew,1
sucker,1
lunchbox,2
had,1
528,1
shotput,1
rounded,1
hapily,1
communal,1
darts,1
cafeteria,1
thoroughly,1
saturate,1
mets,4
harly,1
davison,1
moter,1
oceanside,1
armchair,1
compose,1
gauzey,1
recorder,3
egg,6
litle,1
slush,1
fleecy,1
smilling,2
einstein,4
albert,2
polar,1
fool,1
lifesaver,1
stringless,1
roped,1
science,1
anticipation,1
railling,1
poppies,1
granite,1
lapse,1
rustic,1
handwritten,1
wearfing,1
amazement,1
cower,1
brownstone,1
sheilding,1
armed,1
rase,1
retangular,1
childern,1
twirls,2
evident,1
patriotic,1
riverwater,1
witches,1
graduation,6
scoop,2
bulldozer,1
inch,1
lightsaber,1
ont,1
cheerful,1
deeper,1
flexibility,1
exposure,1
ashaft,1
mortar,1
dodgeball,2
boods,1
blueleash,1
jacuzzi,1
spider,1
startle,1
impact,1
ham,1
fingerpaints,1
slides,2
twisted,1
sprinker,1
squeal,1
sprinking,1
kaki,1
swinsuit,1
jubilant,1
hanna,1
montana,1
outfits,1
catwalk,1
behinf,1
woooden,1
justice,1
iceburg,1
buckle,2
brandish,1
hopper,4
aloft,1
litttle,1
vinyl,1
snare,1
swimmies,2
adornment,1
dizzy,1
milkshake,5
barrette,1
flips,2
fear,1
silverware,1
kiddy,1
lilies,1
joyfully,1
happiness,1
prestends,1
pinata,9
ee,1
roundabout,1
sweatpants,1
diploma,1
sour,1
twisty,1
idyllic,1
wands,1
threshold,1
submerges,1
ups,1
histerically,1
grotto,1
bodyboarder,1
flotation,1
thrust,1
ducky,1
r,1
sloppy,1
swallow,1
bronze,1
pilar,1
jumpos,1
exited,1
twins,1
buff,1
caged,1
hoddie,1
aerobics,2
determination,1
equiment,1
savanah,1
swear,1
floatlys,1
stucco,1
goldenrod,1
porcelain,1
recital,1
rattan,1
playroom,1
lited,1
ritz,2
cracker,4
raingear,1
matt,1
ace,2
outward,1
arc,1
whil,1
youg,1
highchair,1
jello,1
silohuetted,1
linger,1
bedroll,1
spit,4
1950s,1
snowpants,1
tentatively,1
re,1
ypoung,1
gaurd,1
attampts,1
croc,1
healthy,1
lawnmower,2
my,1
buddy,1
decortive,1
creamy,1
frost,2
consumer,1
ever,1
since,1
pinball,1
